{
  "properties": {
    "connectionReferences": {
      "shared_sharepointonline": {
        "runtimeSource": "embedded",
        "connection": {
          "connectionReferenceLogicalName": "new_sharedsharepointonline_424f1"
        },
        "api": {
          "name": "shared_sharepointonline"
        }
      }
    },
    "definition": {
      "$schema": "https://schema.management.azure.com/providers/Microsoft.Logic/schemas/2016-06-01/workflowdefinition.json#",
      "contentVersion": "1.0.0.0",
      "parameters": {
        "$connections": {
          "defaultValue": {},
          "type": "Object"
        },
        "$authentication": {
          "defaultValue": {},
          "type": "SecureObject"
        }
      },
      "triggers": {
        "Schedule": {
          "recurrence": {
            "frequency": "Day",
            "interval": 1
          },
          "metadata": {
            "operationMetadataId": "d7853f23-3c54-4e48-84de-07f516b8ab7a"
          },
          "type": "Recurrence"
        }
      },
      "actions": {
        "Set_App_Id": {
          "runAfter": {
            "Convert_time_zone": [
              "Succeeded"
            ]
          },
          "metadata": {
            "operationMetadataId": "fcfcdcda-eebc-4e48-bce2-efed2599ee14"
          },
          "type": "InitializeVariable",
          "inputs": {
            "variables": [
              {
                "name": "AppId",
                "type": "string",
                "value": "92ee2d9c-3f39-4c07-90d3-8d96445ad818"
              }
            ]
          }
        },
        "Set_Tenant_Id": {
          "runAfter": {
            "Set_App_Id": [
              "Succeeded"
            ]
          },
          "metadata": {
            "operationMetadataId": "22c74adf-5cc9-45d4-bd6d-bf98d6c15e05"
          },
          "type": "InitializeVariable",
          "inputs": {
            "variables": [
              {
                "name": "TenantId",
                "type": "string",
                "value": "e9112c5c-e4bb-4ab9-8b4c-3692f43531a7"
              }
            ]
          }
        },
        "Set_Secret_Value": {
          "runAfter": {
            "Set_Tenant_Id": [
              "Succeeded"
            ]
          },
          "metadata": {
            "operationMetadataId": "73c88685-f221-43ca-b9ab-282736274c35"
          },
          "type": "InitializeVariable",
          "inputs": {
            "variables": [
              {
                "name": "SecretValue",
                "type": "string",
                "value": "lSR8Q~VNcLfYE~wisVGPhU0m~UebCFcDt5UHSdtz"
              }
            ]
          }
        },
        "Current_time": {
          "runAfter": {},
          "metadata": {
            "operationMetadataId": "ebf97a8a-02bd-44ec-8568-fe374dd1f091"
          },
          "type": "Expression",
          "kind": "CurrentTime",
          "inputs": {}
        },
        "Convert_time_zone": {
          "runAfter": {
            "Current_time": [
              "Succeeded"
            ]
          },
          "metadata": {
            "operationMetadataId": "2dcf93c1-63d4-442d-b9e4-1a95d0549dfd"
          },
          "type": "Expression",
          "kind": "ConvertTimeZone",
          "inputs": {
            "baseTime": "@body('Current_time')",
            "formatString": "d",
            "sourceTimeZone": "UTC",
            "destinationTimeZone": "Romance Standard Time"
          }
        },
        "Set_ODataNextLink": {
          "runAfter": {
            "Set_ListClean": [
              "Succeeded"
            ]
          },
          "metadata": {
            "operationMetadataId": "c6f26e4c-1dec-402d-b14d-a40cb34c6d0d"
          },
          "type": "InitializeVariable",
          "inputs": {
            "variables": [
              {
                "name": "ODataNextLink",
                "type": "string",
                "value": "https://graph.microsoft.com/v1.0/security/alerts?$top=999"
              }
            ]
          }
        },
        "Fill_in_List_Recursivelly": {
          "actions": {
            "HTTP_alerts_graph_query": {
              "runAfter": {},
              "metadata": {
                "operationMetadataId": "7b29130f-0889-42f7-8cb2-0a23fc0496cf"
              },
              "type": "Http",
              "inputs": {
                "method": "GET",
                "uri": "@variables('ODataNextLink')",
                "headers": {
                  "content-type": "application/json"
                },
                "authentication": {
                  "type": "ActiveDirectoryOAuth",
                  "tenant": "@variables('TenantId')",
                  "audience": "https://graph.microsoft.com",
                  "clientId": "@variables('AppId')",
                  "secret": "@variables('SecretValue')"
                }
              }
            },
            "Parse_JSON_to_add_in_to_a_Sharepoint_List": {
              "runAfter": {
                "HTTP_alerts_graph_query": [
                  "Succeeded"
                ]
              },
              "metadata": {
                "operationMetadataId": "945c92f6-3736-4fd6-8a15-92cb1caebd28"
              },
              "type": "ParseJson",
              "inputs": {
                "content": "@body('HTTP_alerts_graph_query')",
                "schema": {
                  "type": "object",
                  "properties": {
                    "value": {
                      "type": "array",
                      "items": {
                        "type": "object",
                        "properties": {
                          "@@odata.type": {
                            "type": "string"
                          },
                          "id": {
                            "type": "string"
                          },
                          "providerAlertId": {
                            "type": "string"
                          },
                          "incidentId": {
                            "type": "string"
                          },
                          "status": {
                            "type": "string"
                          },
                          "severity": {
                            "type": "string"
                          },
                          "classification": {
                            "type": "string"
                          },
                          "determination": {
                            "type": "string"
                          },
                          "serviceSource": {
                            "type": "string"
                          },
                          "detectionSource": {
                            "type": "string"
                          },
                          "detectorId": {
                            "type": "string"
                          },
                          "tenantId": {
                            "type": "string"
                          },
                          "title": {
                            "type": "string"
                          },
                          "description": {
                            "type": "string"
                          },
                          "recommendedActions": {
                            "type": "string"
                          },
                          "category": {
                            "type": "string"
                          },
                          "assignedTo": {},
                          "alertWebUrl": {
                            "type": "string"
                          },
                          "incidentWebUrl": {
                            "type": "string"
                          },
                          "actorDisplayName": {},
                          "threatDisplayName": {},
                          "threatFamilyName": {},
                          "mitreTechniques": {
                            "type": "array",
                            "items": {
                              "type": "string"
                            }
                          },
                          "createdDateTime": {
                            "type": "string"
                          },
                          "lastUpdateDateTime": {
                            "type": "string"
                          },
                          "resolvedDateTime": {},
                          "firstActivityDateTime": {
                            "type": "string"
                          },
                          "lastActivityDateTime": {
                            "type": "string"
                          },
                          "comments": {
                            "type": "array"
                          },
                          "evidence": {
                            "type": "array",
                            "items": {
                              "type": "object",
                              "properties": {
                                "@@odata.type": {
                                  "type": "string"
                                },
                                "createdDateTime": {
                                  "type": "string"
                                },
                                "verdict": {
                                  "type": "string"
                                },
                                "remediationStatus": {
                                  "type": "string"
                                },
                                "remediationStatusDetails": {},
                                "firstSeenDateTime": {
                                  "type": "string"
                                },
                                "mdeDeviceId": {
                                  "type": "string"
                                },
                                "azureAdDeviceId": {},
                                "deviceDnsName": {
                                  "type": "string"
                                },
                                "osPlatform": {
                                  "type": "string"
                                },
                                "osBuild": {
                                  "type": "integer"
                                },
                                "version": {
                                  "type": "string"
                                },
                                "healthStatus": {
                                  "type": "string"
                                },
                                "riskScore": {
                                  "type": "string"
                                },
                                "rbacGroupId": {
                                  "type": "integer"
                                },
                                "rbacGroupName": {
                                  "type": "string"
                                },
                                "onboardingStatus": {
                                  "type": "string"
                                },
                                "defenderAvStatus": {
                                  "type": "string"
                                },
                                "loggedOnUsers": {
                                  "type": "array"
                                },
                                "roles": {
                                  "type": "array",
                                  "items": {
                                    "type": "string"
                                  }
                                },
                                "tags": {
                                  "type": "array",
                                  "items": {
                                    "type": "string"
                                  }
                                },
                                "vmMetadata": {
                                  "type": "object",
                                  "properties": {
                                    "vmId": {
                                      "type": "string"
                                    },
                                    "cloudProvider": {
                                      "type": "string"
                                    },
                                    "resourceId": {
                                      "type": "string"
                                    },
                                    "subscriptionId": {
                                      "type": "string"
                                    }
                                  }
                                },
                                "detectionStatus": {
                                  "type": "string"
                                },
                                "fileDetails": {
                                  "type": "object",
                                  "properties": {
                                    "sha1": {
                                      "type": "string"
                                    },
                                    "sha256": {
                                      "type": "string"
                                    },
                                    "fileName": {
                                      "type": "string"
                                    },
                                    "filePath": {
                                      "type": "string"
                                    },
                                    "fileSize": {
                                      "type": "integer"
                                    },
                                    "filePublisher": {
                                      "type": "string"
                                    },
                                    "signer": {},
                                    "issuer": {}
                                  }
                                },
                                "processId": {
                                  "type": "integer"
                                },
                                "parentProcessId": {
                                  "type": "integer"
                                },
                                "processCommandLine": {
                                  "type": "string"
                                },
                                "processCreationDateTime": {
                                  "type": "string"
                                },
                                "parentProcessCreationDateTime": {
                                  "type": "string"
                                },
                                "imageFile": {
                                  "type": "object",
                                  "properties": {
                                    "sha1": {
                                      "type": "string"
                                    },
                                    "sha256": {
                                      "type": "string"
                                    },
                                    "fileName": {
                                      "type": "string"
                                    },
                                    "filePath": {
                                      "type": "string"
                                    },
                                    "fileSize": {
                                      "type": "integer"
                                    },
                                    "filePublisher": {
                                      "type": "string"
                                    },
                                    "signer": {},
                                    "issuer": {}
                                  }
                                },
                                "parentProcessImageFile": {
                                  "type": "object",
                                  "properties": {
                                    "sha1": {},
                                    "sha256": {},
                                    "fileName": {
                                      "type": "string"
                                    },
                                    "filePath": {
                                      "type": "string"
                                    },
                                    "fileSize": {
                                      "type": "integer"
                                    },
                                    "filePublisher": {
                                      "type": "string"
                                    },
                                    "signer": {},
                                    "issuer": {}
                                  }
                                },
                                "userAccount": {
                                  "type": "object",
                                  "properties": {
                                    "accountName": {
                                      "type": "string"
                                    },
                                    "domainName": {
                                      "type": "string"
                                    },
                                    "userSid": {
                                      "type": "string"
                                    },
                                    "azureAdUserId": {},
                                    "userPrincipalName": {},
                                    "displayName": {
                                      "type": "string"
                                    }
                                  }
                                },
                                "registryKey": {
                                  "type": "string"
                                },
                                "registryHive": {
                                  "type": "string"
                                }
                              },
                              "required": [
                                "@@odata.type",
                                "createdDateTime",
                                "verdict",
                                "remediationStatus",
                                "remediationStatusDetails",
                                "roles",
                                "tags"
                              ]
                            }
                          }
                        },
                        "required": [
                          "@@odata.type",
                          "id",
                          "providerAlertId",
                          "incidentId",
                          "status",
                          "severity",
                          "classification",
                          "determination",
                          "serviceSource",
                          "detectionSource",
                          "detectorId",
                          "tenantId",
                          "title",
                          "description",
                          "recommendedActions",
                          "category",
                          "assignedTo",
                          "alertWebUrl",
                          "incidentWebUrl",
                          "actorDisplayName",
                          "threatDisplayName",
                          "threatFamilyName",
                          "mitreTechniques",
                          "createdDateTime",
                          "lastUpdateDateTime",
                          "resolvedDateTime",
                          "firstActivityDateTime",
                          "lastActivityDateTime",
                          "comments",
                          "evidence"
                        ]
                      }
                    }
                  }
                }
              }
            },
            "Reset_odata.nextLink": {
              "runAfter": {
                "Parse_JSON_to_add_in_to_a_Sharepoint_List": [
                  "Succeeded"
                ]
              },
              "metadata": {
                "operationMetadataId": "9cbb5bff-3536-4c4e-a0bb-30a022959946"
              },
              "type": "SetVariable",
              "inputs": {
                "name": "ODataNextLink",
                "value": "@body('Parse_JSON_to_add_in_to_a_Sharepoint_List')?['@odata.nextlink']"
              }
            },
            "Apply_to_each": {
              "foreach": "@body('Parse_JSON_to_add_in_to_a_Sharepoint_List')?['value']",
              "actions": {
                "Create_item": {
                  "runAfter": {},
                  "metadata": {
                    "operationMetadataId": "8dc8b430-516e-4502-864a-eb94f107696e"
                  },
                  "type": "OpenApiConnection",
                  "inputs": {
                    "host": {
                      "connectionName": "shared_sharepointonline",
                      "operationId": "PostItem",
                      "apiId": "/providers/Microsoft.PowerApps/apis/shared_sharepointonline"
                    },
                    "parameters": {
                      "dataset": "https://t8656.sharepoint.com/sites/graph_provisioning",
                      "table": "6367b793-d86e-4f19-b734-a704e3b9a59d",
                      "item/Title": "@items('Apply_to_each')?['providerAlertId']",
                      "item/status": "@items('Apply_to_each')?['status']",
                      "item/severity": "@items('Apply_to_each')?['severity']",
                      "item/classification": "@items('Apply_to_each')?['classification']",
                      "item/tenantId": "@items('Apply_to_each')?['tenantId']",
                      "item/title0": "@items('Apply_to_each')?['title']",
                      "item/description": "@items('Apply_to_each')?['description']",
                      "item/category": "@items('Apply_to_each')?['category']",
                      "item/threadFamilyName": "@items('Apply_to_each')?['threatFamilyName']",
                      "item/createdDateTime": "@items('Apply_to_each')?['createdDateTime']",
                      "item/endDateTime": "@items('Apply_to_each')?['lastUpdateDateTime']",
                      "item/timeStamp": "c@{body('Current_time')}@{body('Current_time')}@{body('Current_time')}@{body('Current_time')}@{body('Current_time')}@{body('Current_time')}"
                    },
                    "authentication": "@parameters('$authentication')"
                  }
                }
              },
              "runAfter": {
                "Reset_odata.nextLink": [
                  "Succeeded"
                ]
              },
              "metadata": {
                "operationMetadataId": "211039b7-4cd0-412a-b5af-785d46e940d5"
              },
              "type": "Foreach"
            }
          },
          "runAfter": {
            "Set_ODataNextLink": [
              "Succeeded"
            ]
          },
          "expression": "@not(contains(variables('ODataNextLink'), 'https://graph.microsoft.com/v1.0/security/alerts?$top=999'))",
          "limit": {
            "count": 60,
            "timeout": "PT1H"
          },
          "metadata": {
            "operationMetadataId": "74e04bc3-df14-45bd-ac09-abe57f5afff8"
          },
          "type": "Until"
        },
        "Set_ListClean": {
          "runAfter": {
            "Set_Secret_Value": [
              "Succeeded"
            ]
          },
          "metadata": {
            "operationMetadataId": "7e01a156-2afc-4789-97d3-d5cc11e17ec8"
          },
          "type": "InitializeVariable",
          "inputs": {
            "variables": [
              {
                "name": "ListClean",
                "type": "string",
                "value": "ListNotClear"
              }
            ]
          }
        }
      },
      "outputs": {}
    },
    "templateName": ""
  },
  "schemaVersion": "1.0.0.0"
}