{
  "properties": {
    "connectionReferences": {
      "shared_sharepointonline": {
        "runtimeSource": "embedded",
        "connection": {
          "connectionReferenceLogicalName": "new_sharedsharepointonline_93b91"
        },
        "api": {
          "name": "shared_sharepointonline"
        }
      }
    },
    "definition": {
      "$schema": "https://schema.management.azure.com/providers/Microsoft.Logic/schemas/2016-06-01/workflowdefinition.json#",
      "contentVersion": "1.0.0.0",
      "parameters": {
        "$connections": {
          "defaultValue": {},
          "type": "Object"
        },
        "$authentication": {
          "defaultValue": {},
          "type": "SecureObject"
        }
      },
      "triggers": {
        "Schedule": {
          "recurrence": {
            "frequency": "Day",
            "interval": 1
          },
          "metadata": {
            "operationMetadataId": "d7853f23-3c54-4e48-84de-07f516b8ab7a"
          },
          "type": "Recurrence"
        }
      },
      "actions": {
        "Set_App_Id": {
          "runAfter": {
            "Convert_time_zone": [
              "Succeeded"
            ]
          },
          "metadata": {
            "operationMetadataId": "fcfcdcda-eebc-4e48-bce2-efed2599ee14"
          },
          "type": "InitializeVariable",
          "inputs": {
            "variables": [
              {
                "name": "AppId",
                "type": "string",
                "value": "92ee2d9c-3f39-4c07-90d3-8d96445ad818"
              }
            ]
          }
        },
        "Set_Tenant_Id": {
          "runAfter": {
            "Set_App_Id": [
              "Succeeded"
            ]
          },
          "metadata": {
            "operationMetadataId": "22c74adf-5cc9-45d4-bd6d-bf98d6c15e05"
          },
          "type": "InitializeVariable",
          "inputs": {
            "variables": [
              {
                "name": "TenantId",
                "type": "string",
                "value": "e9112c5c-e4bb-4ab9-8b4c-3692f43531a7"
              }
            ]
          }
        },
        "Set_Secret_Value": {
          "runAfter": {
            "Set_Tenant_Id": [
              "Succeeded"
            ]
          },
          "metadata": {
            "operationMetadataId": "73c88685-f221-43ca-b9ab-282736274c35"
          },
          "type": "InitializeVariable",
          "inputs": {
            "variables": [
              {
                "name": "SecretValue",
                "type": "string",
                "value": "lSR8Q~VNcLfYE~wisVGPhU0m~UebCFcDt5UHSdtz"
              }
            ]
          }
        },
        "Current_time": {
          "runAfter": {},
          "metadata": {
            "operationMetadataId": "ebf97a8a-02bd-44ec-8568-fe374dd1f091"
          },
          "type": "Expression",
          "kind": "CurrentTime",
          "inputs": {}
        },
        "Convert_time_zone": {
          "runAfter": {
            "Current_time": [
              "Succeeded"
            ]
          },
          "metadata": {
            "operationMetadataId": "2dcf93c1-63d4-442d-b9e4-1a95d0549dfd"
          },
          "type": "Expression",
          "kind": "ConvertTimeZone",
          "inputs": {
            "baseTime": "@body('Current_time')",
            "formatString": "d",
            "sourceTimeZone": "UTC",
            "destinationTimeZone": "Romance Standard Time"
          }
        },
        "Set_ODataNextLink": {
          "runAfter": {
            "Set_ListClean": [
              "Succeeded"
            ]
          },
          "metadata": {
            "operationMetadataId": "c6f26e4c-1dec-402d-b14d-a40cb34c6d0d"
          },
          "type": "InitializeVariable",
          "inputs": {
            "variables": [
              {
                "name": "ODataNextLink",
                "type": "string",
                "value": "https://graph.microsoft.com/v1.0/users?$top999"
              }
            ]
          }
        },
        "Fill_in_List_Recursivelly": {
          "actions": {
            "Reset_odata.nextLink": {
              "runAfter": {
                "Apply_to_each": [
                  "Succeeded"
                ]
              },
              "metadata": {
                "operationMetadataId": "9cbb5bff-3536-4c4e-a0bb-30a022959946"
              },
              "type": "SetVariable",
              "inputs": {
                "name": "ODataNextLink",
                "value": "@body('Parse_JSON_to_add_in_to_a_Sharepoint_List')?['@odata.nextLink']"
              }
            },
            "Parse_JSON_to_add_in_to_a_Sharepoint_List": {
              "runAfter": {
                "HTTP_users_graph_query": [
                  "Succeeded"
                ]
              },
              "metadata": {
                "operationMetadataId": "945c92f6-3736-4fd6-8a15-92cb1caebd28"
              },
              "type": "ParseJson",
              "inputs": {
                "content": "@body('HTTP_users_graph_query')",
                "schema": {
                  "type": "object",
                  "properties": {
                    "@@odata.context": {
                      "type": "string"
                    },
                    "value": {
                      "type": "array",
                      "items": {
                        "type": "object",
                        "properties": {
                          "id": {
                            "type": "string"
                          }
                        },
                        "required": [
                          "id"
                        ]
                      }
                    }
                  }
                }
              }
            },
            "HTTP_users_graph_query": {
              "runAfter": {},
              "metadata": {
                "operationMetadataId": "7b29130f-0889-42f7-8cb2-0a23fc0496cf"
              },
              "type": "Http",
              "inputs": {
                "method": "GET",
                "uri": "@variables('ODataNextLink')",
                "headers": {
                  "content-type": "application/json"
                },
                "authentication": {
                  "type": "ActiveDirectoryOAuth",
                  "tenant": "@variables('TenantId')",
                  "audience": "https://graph.microsoft.com",
                  "clientId": "@variables('AppId')",
                  "secret": "@variables('SecretValue')"
                }
              }
            },
            "Apply_to_each": {
              "foreach": "@body('Parse_JSON_to_add_in_to_a_Sharepoint_List')?['value']",
              "actions": {
                "HTTP_groups_graph_query": {
                  "runAfter": {},
                  "metadata": {
                    "operationMetadataId": "7b29130f-0889-42f7-8cb2-0a23fc0496cf"
                  },
                  "type": "Http",
                  "inputs": {
                    "method": "GET",
                    "uri": "https://graph.microsoft.com/v1.0/users/@{items('Apply_to_each')?['id']}/licenseDetails",
                    "headers": {
                      "content-type": "application/json"
                    },
                    "authentication": {
                      "type": "ActiveDirectoryOAuth",
                      "tenant": "@variables('TenantId')",
                      "audience": "https://graph.microsoft.com",
                      "clientId": "@variables('AppId')",
                      "secret": "@variables('SecretValue')"
                    }
                  }
                },
                "Parse_HTTP_Request_Licenses_JSON": {
                  "runAfter": {
                    "HTTP_groups_graph_query": [
                      "Succeeded"
                    ]
                  },
                  "metadata": {
                    "operationMetadataId": "bae7065b-22bc-455d-ae8a-8353f749935d"
                  },
                  "type": "ParseJson",
                  "inputs": {
                    "content": "@body('HTTP_groups_graph_query')",
                    "schema": {
                      "type": "object",
                      "properties": {
                        "@@odata.context": {
                          "type": "string"
                        },
                        "value": {
                          "type": "array",
                          "items": {
                            "type": "object",
                            "properties": {
                              "id": {
                                "type": "string"
                              },
                              "skuId": {
                                "type": "string"
                              },
                              "skuPartNumber": {
                                "type": "string"
                              },
                              "servicePlans": {
                                "type": "array",
                                "items": {
                                  "type": "object",
                                  "properties": {
                                    "servicePlanId": {
                                      "type": "string"
                                    },
                                    "servicePlanName": {
                                      "type": "string"
                                    },
                                    "provisioningStatus": {
                                      "type": "string"
                                    },
                                    "appliesTo": {
                                      "type": "string"
                                    }
                                  },
                                  "required": [
                                    "servicePlanId",
                                    "servicePlanName",
                                    "provisioningStatus",
                                    "appliesTo"
                                  ]
                                }
                              }
                            },
                            "required": [
                              "id",
                              "skuId",
                              "skuPartNumber",
                              "servicePlans"
                            ]
                          }
                        }
                      }
                    }
                  }
                },
                "Apply_to_each_2": {
                  "foreach": "@body('Parse_HTTP_Request_Licenses_JSON')?['value']",
                  "actions": {
                    "Create_item": {
                      "runAfter": {},
                      "metadata": {
                        "operationMetadataId": "9df6d631-1e07-4c13-81b4-7017b8dc58d2"
                      },
                      "type": "OpenApiConnection",
                      "inputs": {
                        "host": {
                          "apiId": "/providers/Microsoft.PowerApps/apis/shared_sharepointonline",
                          "connectionName": "shared_sharepointonline",
                          "operationId": "PostItem"
                        },
                        "parameters": {
                          "dataset": "https://t8656.sharepoint.com/sites/graph_provisioning",
                          "table": "92abb9b3-bebe-45e8-b8ca-cbc7187b265d",
                          "item/Title": "@items('Apply_to_each')?['id']",
                          "item/licenseId": "@items('Apply_to_each_2')?['id']",
                          "item/skuNumber": "@items('Apply_to_each_2')?['skuPartNumber']",
                          "item/timeStamp": "@body('Convert_time_zone')"
                        },
                        "authentication": "@parameters('$authentication')"
                      }
                    }
                  },
                  "runAfter": {
                    "Parse_HTTP_Request_Licenses_JSON": [
                      "Succeeded"
                    ]
                  },
                  "metadata": {
                    "operationMetadataId": "62924626-3d98-4c42-9fe9-6d3670b30c6d"
                  },
                  "type": "Foreach"
                }
              },
              "runAfter": {
                "Parse_JSON_to_add_in_to_a_Sharepoint_List": [
                  "Succeeded"
                ]
              },
              "metadata": {
                "operationMetadataId": "d63208f9-3f61-4a41-9d1a-203045345651"
              },
              "type": "Foreach"
            }
          },
          "runAfter": {
            "Set_ODataNextLink": [
              "Succeeded"
            ]
          },
          "expression": "@not(contains(variables('ODataNextLink'), 'https://graph.microsoft.com/v1.0/users?$top999'))",
          "limit": {
            "count": 60,
            "timeout": "PT1H"
          },
          "metadata": {
            "operationMetadataId": "74e04bc3-df14-45bd-ac09-abe57f5afff8"
          },
          "type": "Until"
        },
        "Set_ListClean": {
          "runAfter": {
            "Set_Secret_Value": [
              "Succeeded"
            ]
          },
          "metadata": {
            "operationMetadataId": "7e01a156-2afc-4789-97d3-d5cc11e17ec8"
          },
          "type": "InitializeVariable",
          "inputs": {
            "variables": [
              {
                "name": "ListClean",
                "type": "string",
                "value": "ListNotClear"
              }
            ]
          }
        }
      },
      "outputs": {}
    },
    "templateName": null
  },
  "schemaVersion": "1.0.0.0"
}