{
  "properties": {
    "connectionReferences": {
      "shared_sharepointonline": {
        "runtimeSource": "embedded",
        "connection": {
          "connectionReferenceLogicalName": "new_sharedsharepointonline_424f1"
        },
        "api": {
          "name": "shared_sharepointonline"
        }
      }
    },
    "definition": {
      "$schema": "https://schema.management.azure.com/providers/Microsoft.Logic/schemas/2016-06-01/workflowdefinition.json#",
      "contentVersion": "1.0.0.0",
      "parameters": {
        "$connections": {
          "defaultValue": {},
          "type": "Object"
        },
        "$authentication": {
          "defaultValue": {},
          "type": "SecureObject"
        }
      },
      "triggers": {
        "Schedule": {
          "recurrence": {
            "frequency": "Day",
            "interval": 1
          },
          "metadata": {
            "operationMetadataId": "d7853f23-3c54-4e48-84de-07f516b8ab7a"
          },
          "type": "Recurrence"
        }
      },
      "actions": {
        "Set_App_Id": {
          "runAfter": {
            "Convert_time_zone": [
              "Succeeded"
            ]
          },
          "metadata": {
            "operationMetadataId": "fcfcdcda-eebc-4e48-bce2-efed2599ee14"
          },
          "type": "InitializeVariable",
          "inputs": {
            "variables": [
              {
                "name": "AppId",
                "type": "string",
                "value": "92ee2d9c-3f39-4c07-90d3-8d96445ad818"
              }
            ]
          }
        },
        "Set_Tenant_Id": {
          "runAfter": {
            "Set_App_Id": [
              "Succeeded"
            ]
          },
          "metadata": {
            "operationMetadataId": "22c74adf-5cc9-45d4-bd6d-bf98d6c15e05"
          },
          "type": "InitializeVariable",
          "inputs": {
            "variables": [
              {
                "name": "TenantId",
                "type": "string",
                "value": "e9112c5c-e4bb-4ab9-8b4c-3692f43531a7"
              }
            ]
          }
        },
        "Set_Secret_Value": {
          "runAfter": {
            "Set_Tenant_Id": [
              "Succeeded"
            ]
          },
          "metadata": {
            "operationMetadataId": "73c88685-f221-43ca-b9ab-282736274c35"
          },
          "type": "InitializeVariable",
          "inputs": {
            "variables": [
              {
                "name": "SecretValue",
                "type": "string",
                "value": "lSR8Q~VNcLfYE~wisVGPhU0m~UebCFcDt5UHSdtz"
              }
            ]
          }
        },
        "Current_time": {
          "runAfter": {},
          "metadata": {
            "operationMetadataId": "ebf97a8a-02bd-44ec-8568-fe374dd1f091"
          },
          "type": "Expression",
          "kind": "CurrentTime",
          "inputs": {}
        },
        "Convert_time_zone": {
          "runAfter": {
            "Current_time": [
              "Succeeded"
            ]
          },
          "metadata": {
            "operationMetadataId": "2dcf93c1-63d4-442d-b9e4-1a95d0549dfd"
          },
          "type": "Expression",
          "kind": "ConvertTimeZone",
          "inputs": {
            "baseTime": "@body('Current_time')",
            "formatString": "d",
            "sourceTimeZone": "UTC",
            "destinationTimeZone": "Romance Standard Time"
          }
        },
        "Set_ODataNextLink": {
          "runAfter": {
            "Set_ListClean": [
              "Succeeded"
            ]
          },
          "metadata": {
            "operationMetadataId": "c6f26e4c-1dec-402d-b14d-a40cb34c6d0d"
          },
          "type": "InitializeVariable",
          "inputs": {
            "variables": [
              {
                "name": "ODataNextLink",
                "type": "string",
                "value": "https://graph.microsoft.com/v1.0/directory/administrativeUnits"
              }
            ]
          }
        },
        "Fill_in_List_Recursivelly": {
          "actions": {
            "HTTP_groups_graph_query": {
              "runAfter": {},
              "metadata": {
                "operationMetadataId": "7b29130f-0889-42f7-8cb2-0a23fc0496cf"
              },
              "type": "Http",
              "inputs": {
                "method": "GET",
                "uri": "@variables('ODataNextLink')",
                "headers": {
                  "content-type": "application/json"
                },
                "authentication": {
                  "type": "ActiveDirectoryOAuth",
                  "tenant": "@variables('TenantId')",
                  "audience": "https://graph.microsoft.com",
                  "clientId": "@variables('AppId')",
                  "secret": "@variables('SecretValue')"
                }
              }
            },
            "Parse_JSON_to_add_in_to_a_Sharepoint_List": {
              "runAfter": {
                "HTTP_groups_graph_query": [
                  "Succeeded"
                ]
              },
              "metadata": {
                "operationMetadataId": "945c92f6-3736-4fd6-8a15-92cb1caebd28"
              },
              "type": "ParseJson",
              "inputs": {
                "content": "@body('HTTP_groups_graph_query')",
                "schema": {
                  "type": "object",
                  "properties": {
                    "@@odata.context": {
                      "type": "string"
                    },
                    "value": {
                      "type": "array",
                      "items": {
                        "type": "object",
                        "properties": {
                          "id": {
                            "type": "string"
                          },
                          "deletedDateTime": {},
                          "displayName": {
                            "type": "string"
                          },
                          "description": {},
                          "membershipRule": {},
                          "membershipType": {},
                          "membershipRuleProcessingState": {},
                          "visibility": {},
                          "extension_fe2174665583431c953114ff7268b7b3_Education_SchoolZone": {
                            "type": "string"
                          },
                          "extension_fe2174665583431c953114ff7268b7b3_Education_SchoolPrincipalEmail": {
                            "type": "string"
                          },
                          "extension_fe2174665583431c953114ff7268b7b3_Education_SchoolPrincipalName": {
                            "type": "string"
                          },
                          "extension_fe2174665583431c953114ff7268b7b3_Education_SchoolPrincipalSyncSourceId": {
                            "type": "string"
                          },
                          "extension_fe2174665583431c953114ff7268b7b3_Education_SyncSource_SchoolId": {
                            "type": "string"
                          },
                          "extension_fe2174665583431c953114ff7268b7b3_Education_SyncSource": {
                            "type": "string"
                          },
                          "extension_fe2174665583431c953114ff7268b7b3_Education_Phone": {
                            "type": "string"
                          },
                          "extension_fe2174665583431c953114ff7268b7b3_Education_Zip": {
                            "type": "string"
                          },
                          "extension_fe2174665583431c953114ff7268b7b3_Education_Country": {
                            "type": "string"
                          },
                          "extension_fe2174665583431c953114ff7268b7b3_Education_State": {
                            "type": "string"
                          },
                          "extension_fe2174665583431c953114ff7268b7b3_Education_City": {
                            "type": "string"
                          },
                          "extension_fe2174665583431c953114ff7268b7b3_Education_Address": {
                            "type": "string"
                          },
                          "extension_fe2174665583431c953114ff7268b7b3_Education_StateId": {
                            "type": "string"
                          },
                          "extension_fe2174665583431c953114ff7268b7b3_Education_ObjectType": {
                            "type": "string"
                          }
                        },
                        "required": [
                          "id",
                          "deletedDateTime",
                          "displayName",
                          "description",
                          "membershipRule",
                          "membershipType",
                          "membershipRuleProcessingState",
                          "visibility",
                          "extension_fe2174665583431c953114ff7268b7b3_Education_SchoolZone",
                          "extension_fe2174665583431c953114ff7268b7b3_Education_SchoolPrincipalEmail",
                          "extension_fe2174665583431c953114ff7268b7b3_Education_SchoolPrincipalName",
                          "extension_fe2174665583431c953114ff7268b7b3_Education_SchoolPrincipalSyncSourceId",
                          "extension_fe2174665583431c953114ff7268b7b3_Education_SyncSource_SchoolId",
                          "extension_fe2174665583431c953114ff7268b7b3_Education_SyncSource",
                          "extension_fe2174665583431c953114ff7268b7b3_Education_Phone",
                          "extension_fe2174665583431c953114ff7268b7b3_Education_Zip",
                          "extension_fe2174665583431c953114ff7268b7b3_Education_Country",
                          "extension_fe2174665583431c953114ff7268b7b3_Education_State",
                          "extension_fe2174665583431c953114ff7268b7b3_Education_City",
                          "extension_fe2174665583431c953114ff7268b7b3_Education_Address",
                          "extension_fe2174665583431c953114ff7268b7b3_Education_StateId",
                          "extension_fe2174665583431c953114ff7268b7b3_Education_ObjectType"
                        ]
                      }
                    }
                  }
                }
              }
            },
            "Reset_odata.nextLink": {
              "runAfter": {
                "Parse_JSON_to_add_in_to_a_Sharepoint_List": [
                  "Succeeded"
                ]
              },
              "metadata": {
                "operationMetadataId": "9cbb5bff-3536-4c4e-a0bb-30a022959946"
              },
              "type": "SetVariable",
              "inputs": {
                "name": "ODataNextLink",
                "value": "@body('Parse_JSON_to_add_in_to_a_Sharepoint_List')?['@odata.nextlink']"
              }
            },
            "Apply_to_each": {
              "foreach": "@body('Parse_JSON_to_add_in_to_a_Sharepoint_List')?['value']",
              "actions": {
                "HTTP_administrative_units_members_graph_query": {
                  "runAfter": {},
                  "metadata": {
                    "operationMetadataId": "7b29130f-0889-42f7-8cb2-0a23fc0496cf"
                  },
                  "type": "Http",
                  "inputs": {
                    "method": "GET",
                    "uri": "https://graph.microsoft.com/v1.0/directory/administrativeUnits/@{items('Apply_to_each')?['id']}/members",
                    "headers": {
                      "content-type": "application/json"
                    },
                    "authentication": {
                      "type": "ActiveDirectoryOAuth",
                      "tenant": "@variables('TenantId')",
                      "audience": "https://graph.microsoft.com",
                      "clientId": "@variables('AppId')",
                      "secret": "@variables('SecretValue')"
                    }
                  }
                },
                "Parse_JSON_to_add_in_to_a_Sharepoint_List_2": {
                  "runAfter": {
                    "HTTP_administrative_units_members_graph_query": [
                      "Succeeded"
                    ]
                  },
                  "metadata": {
                    "operationMetadataId": "945c92f6-3736-4fd6-8a15-92cb1caebd28"
                  },
                  "type": "ParseJson",
                  "inputs": {
                    "content": "@body('HTTP_administrative_units_members_graph_query')",
                    "schema": {
                      "type": "object",
                      "properties": {
                        "@@odata.context": {
                          "type": "string"
                        },
                        "value": {
                          "type": "array",
                          "items": {
                            "type": "object",
                            "properties": {
                              "@@odata.type": {
                                "type": "string"
                              },
                              "id": {
                                "type": "string"
                              },
                              "businessPhones": {
                                "type": "array",
                                "items": {
                                  "type": "string"
                                }
                              },
                              "displayName": {
                                "type": "string"
                              },
                              "givenName": {
                                "type": "string"
                              },
                              "jobTitle": {
                                "type": "string"
                              },
                              "mail": {
                                "type": "string"
                              },
                              "mobilePhone": {},
                              "officeLocation": {
                                "type": "string"
                              },
                              "preferredLanguage": {
                                "type": "string"
                              },
                              "surname": {
                                "type": "string"
                              },
                              "userPrincipalName": {
                                "type": "string"
                              },
                              "deletedDateTime": {},
                              "classification": {},
                              "createdDateTime": {
                                "type": "string"
                              },
                              "creationOptions": {
                                "type": "array",
                                "items": {
                                  "type": "string"
                                }
                              },
                              "description": {
                                "type": "string"
                              },
                              "expirationDateTime": {},
                              "groupTypes": {
                                "type": "array",
                                "items": {
                                  "type": "string"
                                }
                              },
                              "isAssignableToRole": {},
                              "mailEnabled": {
                                "type": "boolean"
                              },
                              "mailNickname": {
                                "type": "string"
                              },
                              "membershipRule": {},
                              "membershipRuleProcessingState": {},
                              "onPremisesDomainName": {},
                              "onPremisesLastSyncDateTime": {},
                              "onPremisesNetBiosName": {},
                              "onPremisesSamAccountName": {},
                              "onPremisesSecurityIdentifier": {},
                              "onPremisesSyncEnabled": {},
                              "preferredDataLocation": {},
                              "proxyAddresses": {
                                "type": "array",
                                "items": {
                                  "type": "string"
                                }
                              },
                              "renewedDateTime": {
                                "type": "string"
                              },
                              "resourceBehaviorOptions": {
                                "type": "array"
                              },
                              "resourceProvisioningOptions": {
                                "type": "array"
                              },
                              "securityEnabled": {
                                "type": "boolean"
                              },
                              "securityIdentifier": {
                                "type": "string"
                              },
                              "theme": {},
                              "visibility": {
                                "type": "string"
                              },
                              "extension_fe2174665583431c953114ff7268b7b3_Education_ObjectType": {
                                "type": "string"
                              },
                              "onPremisesProvisioningErrors": {
                                "type": "array"
                              }
                            },
                            "required": [
                              "@@odata.type",
                              "id",
                              "displayName",
                              "mail",
                              "preferredLanguage"
                            ]
                          }
                        }
                      }
                    }
                  }
                },
                "Apply_to_each_2": {
                  "foreach": "@body('Parse_JSON_to_add_in_to_a_Sharepoint_List_2')?['value']",
                  "actions": {
                    "Create_item": {
                      "runAfter": {},
                      "metadata": {
                        "operationMetadataId": "6d9e06cf-e2b4-42cf-8003-895be4205e98"
                      },
                      "type": "OpenApiConnection",
                      "inputs": {
                        "host": {
                          "connectionName": "shared_sharepointonline",
                          "operationId": "PostItem",
                          "apiId": "/providers/Microsoft.PowerApps/apis/shared_sharepointonline"
                        },
                        "parameters": {
                          "dataset": "https://t8656.sharepoint.com/sites/graph_provisioning",
                          "table": "4db191e6-da90-4aa6-8354-42f546d159fe",
                          "item/Title": "@items('Apply_to_each_2')?['displayName']",
                          "item/userPrincipalName": "@items('Apply_to_each_2')?['userPrincipalName']",
                          "item/administrativeUnitId": "@items('Apply_to_each')?['id']"
                        },
                        "authentication": "@parameters('$authentication')"
                      }
                    }
                  },
                  "runAfter": {
                    "Parse_JSON_to_add_in_to_a_Sharepoint_List_2": [
                      "Succeeded"
                    ]
                  },
                  "metadata": {
                    "operationMetadataId": "30081a93-90e1-46a4-9328-8004d22f3677"
                  },
                  "type": "Foreach"
                }
              },
              "runAfter": {
                "Apply_to_each_3": [
                  "Succeeded"
                ]
              },
              "metadata": {
                "operationMetadataId": "211039b7-4cd0-412a-b5af-785d46e940d5"
              },
              "type": "Foreach"
            },
            "Apply_to_each_3": {
              "foreach": "@body('Parse_JSON_to_add_in_to_a_Sharepoint_List')?['value']",
              "actions": {
                "Create_item_2": {
                  "runAfter": {},
                  "metadata": {
                    "operationMetadataId": "a2ab6c52-a511-47e6-afd9-c37f73d5332e"
                  },
                  "type": "OpenApiConnection",
                  "inputs": {
                    "host": {
                      "connectionName": "shared_sharepointonline",
                      "operationId": "PostItem",
                      "apiId": "/providers/Microsoft.PowerApps/apis/shared_sharepointonline"
                    },
                    "parameters": {
                      "dataset": "https://t8656.sharepoint.com/sites/graph_provisioning",
                      "table": "b1ac0e05-6d99-41e8-b745-72c2509a8293",
                      "item/Title": "@items('Apply_to_each_3')?['id']",
                      "item/name": "@items('Apply_to_each_3')?['displayName']",
                      "item/description": "@items('Apply_to_each_3')?['description']"
                    },
                    "authentication": "@parameters('$authentication')"
                  }
                }
              },
              "runAfter": {
                "Reset_odata.nextLink": [
                  "Succeeded"
                ]
              },
              "metadata": {
                "operationMetadataId": "d0588fa7-dc66-4689-ad25-026470bb7b53"
              },
              "type": "Foreach"
            }
          },
          "runAfter": {
            "Set_ODataNextLink": [
              "Succeeded"
            ]
          },
          "expression": "@not(contains(variables('ODataNextLink'), 'https://graph.microsoft.com/v1.0//directory/administrativeUnits?$top=999'))",
          "limit": {
            "count": 60,
            "timeout": "PT1H"
          },
          "metadata": {
            "operationMetadataId": "74e04bc3-df14-45bd-ac09-abe57f5afff8"
          },
          "type": "Until"
        },
        "Set_ListClean": {
          "runAfter": {
            "Set_Secret_Value": [
              "Succeeded"
            ]
          },
          "metadata": {
            "operationMetadataId": "7e01a156-2afc-4789-97d3-d5cc11e17ec8"
          },
          "type": "InitializeVariable",
          "inputs": {
            "variables": [
              {
                "name": "ListClean",
                "type": "string",
                "value": "ListNotClear"
              }
            ]
          }
        }
      },
      "outputs": {}
    },
    "templateName": ""
  },
  "schemaVersion": "1.0.0.0"
}