<ImportExportXml version="9.2.23053.234" SolutionPackageVersion="9.2" languagecode="3082" generatedBy="CrmLive" xmlns:xsi="http://www.w3.org/2001/XMLSchema-instance">
  <SolutionManifest>
    <UniqueName>Infraestructure_Reporting_Tool</UniqueName>
    <LocalizedNames>
      <LocalizedName description="Infraestructure_Reporting_Tool" languagecode="3082" />
    </LocalizedNames>
    <Descriptions />
    <Version>1.0.0.1</Version>
    <Managed>0</Managed>
    <Publisher>
      <UniqueName>ManuelPortero</UniqueName>
      <LocalizedNames>
        <LocalizedName description="ManuelPortero" languagecode="3082" />
      </LocalizedNames>
      <Descriptions>
        <Description description="Model Driven App developed by Manuel Portero Leiva" languagecode="3082" />
      </Descriptions>
      <EMailAddress xsi:nil="true"></EMailAddress>
      <SupportingWebsiteUrl xsi:nil="true"></SupportingWebsiteUrl>
      <CustomizationPrefix>mpl</CustomizationPrefix>
      <CustomizationOptionValuePrefix>86553</CustomizationOptionValuePrefix>
      <Addresses>
        <Address>
          <AddressNumber>1</AddressNumber>
          <AddressTypeCode>1</AddressTypeCode>
          <City xsi:nil="true"></City>
          <County xsi:nil="true"></County>
          <Country xsi:nil="true"></Country>
          <Fax xsi:nil="true"></Fax>
          <FreightTermsCode xsi:nil="true"></FreightTermsCode>
          <ImportSequenceNumber xsi:nil="true"></ImportSequenceNumber>
          <Latitude xsi:nil="true"></Latitude>
          <Line1 xsi:nil="true"></Line1>
          <Line2 xsi:nil="true"></Line2>
          <Line3 xsi:nil="true"></Line3>
          <Longitude xsi:nil="true"></Longitude>
          <Name xsi:nil="true"></Name>
          <PostalCode xsi:nil="true"></PostalCode>
          <PostOfficeBox xsi:nil="true"></PostOfficeBox>
          <PrimaryContactName xsi:nil="true"></PrimaryContactName>
          <ShippingMethodCode>1</ShippingMethodCode>
          <StateOrProvince xsi:nil="true"></StateOrProvince>
          <Telephone1 xsi:nil="true"></Telephone1>
          <Telephone2 xsi:nil="true"></Telephone2>
          <Telephone3 xsi:nil="true"></Telephone3>
          <TimeZoneRuleVersionNumber xsi:nil="true"></TimeZoneRuleVersionNumber>
          <UPSZone xsi:nil="true"></UPSZone>
          <UTCOffset xsi:nil="true"></UTCOffset>
          <UTCConversionTimeZoneCode xsi:nil="true"></UTCConversionTimeZoneCode>
        </Address>
        <Address>
          <AddressNumber>2</AddressNumber>
          <AddressTypeCode>1</AddressTypeCode>
          <City xsi:nil="true"></City>
          <County xsi:nil="true"></County>
          <Country xsi:nil="true"></Country>
          <Fax xsi:nil="true"></Fax>
          <FreightTermsCode xsi:nil="true"></FreightTermsCode>
          <ImportSequenceNumber xsi:nil="true"></ImportSequenceNumber>
          <Latitude xsi:nil="true"></Latitude>
          <Line1 xsi:nil="true"></Line1>
          <Line2 xsi:nil="true"></Line2>
          <Line3 xsi:nil="true"></Line3>
          <Longitude xsi:nil="true"></Longitude>
          <Name xsi:nil="true"></Name>
          <PostalCode xsi:nil="true"></PostalCode>
          <PostOfficeBox xsi:nil="true"></PostOfficeBox>
          <PrimaryContactName xsi:nil="true"></PrimaryContactName>
          <ShippingMethodCode>1</ShippingMethodCode>
          <StateOrProvince xsi:nil="true"></StateOrProvince>
          <Telephone1 xsi:nil="true"></Telephone1>
          <Telephone2 xsi:nil="true"></Telephone2>
          <Telephone3 xsi:nil="true"></Telephone3>
          <TimeZoneRuleVersionNumber xsi:nil="true"></TimeZoneRuleVersionNumber>
          <UPSZone xsi:nil="true"></UPSZone>
          <UTCOffset xsi:nil="true"></UTCOffset>
          <UTCConversionTimeZoneCode xsi:nil="true"></UTCConversionTimeZoneCode>
        </Address>
      </Addresses>
    </Publisher>
    <RootComponents>
      <RootComponent type="29" id="{19146116-8907-ee11-8f6e-000d3a292a69}" behavior="0" />
      <RootComponent type="29" id="{5794cdce-8707-ee11-8f6e-000d3a292a69}" behavior="0" />
      <RootComponent type="29" id="{6100c3a5-8707-ee11-8f6e-000d3a292a69}" behavior="0" />
      <RootComponent type="29" id="{7d3a3332-8907-ee11-8f6e-000d3a292a69}" behavior="0" />
      <RootComponent type="29" id="{a60b5906-8a07-ee11-8f6e-000d3a292a69}" behavior="0" />
      <RootComponent type="29" id="{b5bf4fee-8707-ee11-8f6e-000d3a292a69}" behavior="0" />
    </RootComponents>
    <MissingDependencies>
      <MissingDependency>
        <Required type="connectionreference" displayName="new_sharedsharepointonline_424f1" solution="Active" id.connectionreferencelogicalname="new_sharedsharepointonline_424f1" />
        <Dependent type="29" displayName="Infraestructure_Reporting_Tool_HealthServices_Provisioning" id="{19146116-8907-ee11-8f6e-000d3a292a69}" />
      </MissingDependency>
      <MissingDependency>
        <Required type="connectionreference" displayName="new_sharedsharepointonline_424f1" solution="Active" id.connectionreferencelogicalname="new_sharedsharepointonline_424f1" />
        <Dependent type="29" displayName="Infraestructure_Reporting_Tool_Signin_Provisioning" id="{5794cdce-8707-ee11-8f6e-000d3a292a69}" />
      </MissingDependency>
      <MissingDependency>
        <Required type="connectionreference" displayName="new_sharedsharepointonline_424f1" solution="Active" id.connectionreferencelogicalname="new_sharedsharepointonline_424f1" />
        <Dependent type="29" displayName="Infraestructure_Reporting_Tool_Alerts_Provisioning" id="{7d3a3332-8907-ee11-8f6e-000d3a292a69}" />
      </MissingDependency>
      <MissingDependency>
        <Required type="connectionreference" displayName="new_sharedsharepointonline_424f1" solution="Active" id.connectionreferencelogicalname="new_sharedsharepointonline_424f1" />
        <Dependent type="29" displayName="Infraestructure_Reporting_Tool_OrganizativeUnits_Members_Provisioning" id="{a60b5906-8a07-ee11-8f6e-000d3a292a69}" />
      </MissingDependency>
      <MissingDependency>
        <Required type="connectionreference" displayName="new_sharedsharepointonline_424f1" solution="Active" id.connectionreferencelogicalname="new_sharedsharepointonline_424f1" />
        <Dependent type="29" displayName="Infraestructure_Reporting_Tool_Groups_Provisioning" id="{b5bf4fee-8707-ee11-8f6e-000d3a292a69}" />
      </MissingDependency>
      <MissingDependency>
        <Required type="connectionreference" displayName="new_sharedsharepointonline_93b91" solution="Active" id.connectionreferencelogicalname="new_sharedsharepointonline_93b91" />
        <Dependent type="29" displayName="Infrastructure_Reporting_Tool_Users_Provisioning" id="{6100c3a5-8707-ee11-8f6e-000d3a292a69}" />
      </MissingDependency>
    </MissingDependencies>
  </SolutionManifest>
</ImportExportXml>